{
  "mean_reward": 131.68185566587155,
  "std_reward": 3.1965616897183353,
  "success_rate": 0.949,
  "avg_latency": 0.15006241139301627,
  "avg_cost": 0.7505733275091244,
  "action_distribution": {
    "call_api": 100.0,
    "retry": 0.0,
    "skip": 0.0,
    "switch_provider": 0.0
  },
  "strategy_comparison": {
    "ppo": {
      "strategy": "ppo",
      "mean_reward": 131.68185566587155,
      "std_reward": 3.1965616897183353,
      "success_rate": 0.949,
      "avg_latency": 0.15006241139301627,
      "avg_cost": 0.7505733275091244,
      "action_distribution": {
        "call_api": 100.0,
        "retry": 0.0,
        "skip": 0.0,
        "switch_provider": 0.0
      }
    },
    "random": {
      "strategy": "random",
      "mean_reward": 117.4891620807078,
      "std_reward": 6.775397953525662,
      "success_rate": 0.84025,
      "avg_latency": 0.2842821045341387,
      "avg_cost": 0.34539852745406485,
      "action_distribution": {
        "call_api": 23.77,
        "retry": 26.45,
        "skip": 25.0,
        "switch_provider": 24.77
      }
    },
    "always_a": {
      "strategy": "always_a",
      "mean_reward": 131.94266716146845,
      "std_reward": 3.3890564419195512,
      "success_rate": 0.95,
      "avg_latency": 0.1504873788909877,
      "avg_cost": 0.7504681684178716,
      "action_distribution": {
        "call_api": 100.0,
        "retry": 0.0,
        "skip": 0.0,
        "switch_provider": 0.0
      }
    },
    "always_b": {
      "strategy": "always_b",
      "mean_reward": 122.6459703248772,
      "std_reward": 5.960844136204503,
      "success_rate": 0.895,
      "avg_latency": 0.34957403804388804,
      "avg_cost": 0.449659789874825,
      "action_distribution": {
        "call_api": 0.0,
        "retry": 100.0,
        "skip": 0.0,
        "switch_provider": 0.0
      }
    },
    "always_c": {
      "strategy": "always_c",
      "mean_reward": 110.50549990252637,
      "std_reward": 6.916532046167117,
      "success_rate": 0.8455,
      "avg_latency": 0.5979020221772388,
      "avg_cost": 0.17267297944732213,
      "action_distribution": {
        "call_api": 0.0,
        "retry": 0.0,
        "skip": 100.0,
        "switch_provider": 0.0
      }
    },
    "round_robin": {
      "strategy": "round_robin",
      "mean_reward": 120.38845844454943,
      "std_reward": 5.529768119286848,
      "success_rate": 0.85125,
      "avg_latency": 0.2824001181664532,
      "avg_cost": 0.35029224109105644,
      "action_distribution": {
        "call_api": 25.0,
        "retry": 25.0,
        "skip": 25.0,
        "switch_provider": 25.0
      }
    }
  }
}