{
  "mean_reward": 130.59111805441415,
  "std_reward": 4.101978507991445,
  "success_rate": 0.945,
  "avg_latency": 0.1542840210798442,
  "avg_cost": 0.7458640113465868,
  "action_distribution": {
    "call_api": 98.58,
    "retry": 1.43,
    "skip": 0.0,
    "switch_provider": 0.0
  },
  "strategy_comparison": {
    "ppo": {
      "strategy": "ppo",
      "mean_reward": 130.59111805441415,
      "std_reward": 4.101978507991445,
      "success_rate": 0.945,
      "avg_latency": 0.1542840210798442,
      "avg_cost": 0.7458640113465868,
      "action_distribution": {
        "call_api": 98.58,
        "retry": 1.43,
        "skip": 0.0,
        "switch_provider": 0.0
      }
    },
    "random": {
      "strategy": "random",
      "mean_reward": 120.19538742794366,
      "std_reward": 8.350549732740179,
      "success_rate": 0.8525,
      "avg_latency": 0.29100743544438296,
      "avg_cost": 0.35073610742322264,
      "action_distribution": {
        "call_api": 24.7,
        "retry": 25.05,
        "skip": 26.52,
        "switch_provider": 23.72
      }
    },
    "always_a": {
      "strategy": "always_a",
      "mean_reward": 131.138977423563,
      "std_reward": 4.150565445021803,
      "success_rate": 0.94675,
      "avg_latency": 0.14896791417867772,
      "avg_cost": 0.7502157954286055,
      "action_distribution": {
        "call_api": 100.0,
        "retry": 0.0,
        "skip": 0.0,
        "switch_provider": 0.0
      }
    },
    "always_b": {
      "strategy": "always_b",
      "mean_reward": 123.74648036627391,
      "std_reward": 6.097970895864063,
      "success_rate": 0.899,
      "avg_latency": 0.3498627950428124,
      "avg_cost": 0.4496958655192892,
      "action_distribution": {
        "call_api": 0.0,
        "retry": 100.0,
        "skip": 0.0,
        "switch_provider": 0.0
      }
    },
    "always_c": {
      "strategy": "always_c",
      "mean_reward": 108.41993694258863,
      "std_reward": 8.435786099781945,
      "success_rate": 0.83975,
      "avg_latency": 0.6020147017587116,
      "avg_cost": 0.1764863491981443,
      "action_distribution": {
        "call_api": 0.0,
        "retry": 0.0,
        "skip": 100.0,
        "switch_provider": 0.0
      }
    },
    "round_robin": {
      "strategy": "round_robin",
      "mean_reward": 120.77452013095012,
      "std_reward": 6.203850293476801,
      "success_rate": 0.85325,
      "avg_latency": 0.2845728747250057,
      "avg_cost": 0.3510184564258257,
      "action_distribution": {
        "call_api": 25.0,
        "retry": 25.0,
        "skip": 25.0,
        "switch_provider": 25.0
      }
    }
  }
}